P_left,P_right,beta_left,vx_left,vx_right,floor_count,completed,max_iterations_seen,min_pressure_seen,step_count
0.05,0.005,0.064,-0.9,-0.9,0,1,6,0.00356907,200
0.05,0.005,0.064,-0.9,-0.5,0,1,5,0.00319227,341
0.05,0.005,0.064,-0.9,0,0,1,5,0.00326847,417
0.05,0.005,0.064,-0.9,0.5,0,1,5,0.00132563,397
0.05,0.005,0.064,-0.9,0.9,0,0,6,0.005,100001
0.05,0.005,0.064,-0.9,0.99,0,0,6,0.005,100001
0.05,0.005,0.064,-0.5,-0.9,0,1,6,0.005,247
0.05,0.005,0.064,-0.5,-0.5,0,1,5,0.00275494,217
0.05,0.005,0.064,-0.5,0,0,1,5,0.00491571,233
0.05,0.005,0.064,-0.5,0.5,0,1,5,0.00498426,378
0.05,0.005,0.064,-0.5,0.9,0,0,6,0.005,100001
0.05,0.005,0.064,-0.5,0.99,0,0,6,0.005,100001
0.05,0.005,0.064,0,-0.9,0,1,6,0.005,340
0.05,0.005,0.064,0,-0.5,0,1,5,0.00379042,253
0.05,0.005,0.064,0,0,0,1,5,0.00491244,234
0.05,0.005,0.064,0,0.5,0,1,5,0.00498502,439
0.05,0.005,0.064,0,0.9,0,0,6,0.005,100001
0.05,0.005,0.064,0,0.99,0,0,6,0.005,100001
0.05,0.005,0.064,0.5,-0.9,0,1,6,0.005,392
0.05,0.005,0.064,0.5,-0.5,0,1,5,0.005,278
0.05,0.005,0.064,0.5,0,0,1,5,0.0049053,306
0.05,0.005,0.064,0.5,0.5,0,1,5,0.00498535,466
0.05,0.005,0.064,0.5,0.9,0,0,6,0.005,100001
0.05,0.005,0.064,0.5,0.99,0,0,6,0.005,100001
0.05,0.005,0.064,0.9,-0.9,0,1,6,0.005,411
0.05,0.005,0.064,0.9,-0.5,0,1,5,0.005,628
0.05,0.005,0.064,0.9,0,0,1,5,0.005,1348
0.05,0.005,0.064,0.9,0.5,0,1,5,0.005,821
0.05,0.005,0.064,0.9,0.9,0,1,6,0.005,236
0.05,0.005,0.064,0.9,0.99,0,1,8,0.005,200
0.05,0.005,0.064,0.99,-0.9,0,1,6,0.005,564
0.05,0.005,0.064,0.99,-0.5,0,0,6,0.005,100001
0.05,0.005,0.064,0.99,0,0,0,6,0.005,100001
0.05,0.005,0.064,0.99,0.5,0,0,6,0.005,100001
0.05,0.005,0.064,0.99,0.9,0,0,6,0.005,100001
0.05,0.005,0.064,0.99,0.99,0,1,9,0.005,200
0.025,0.0025,0.032,-0.9,-0.9,0,1,6,0.00180394,200
0.025,0.0025,0.032,-0.9,-0.5,0,1,5,0.00209919,331
0.025,0.0025,0.032,-0.9,0,0,1,5,0.00248395,417
0.025,0.0025,0.032,-0.9,0.5,0,1,5,0.00110972,398
0.025,0.0025,0.032,-0.9,0.9,0,0,6,0.0025,100001
0.025,0.0025,0.032,-0.9,0.99,0,0,6,0.0025,100001
0.025,0.0025,0.032,-0.5,-0.9,0,1,6,0.0025,223
0.025,0.0025,0.032,-0.5,-0.5,0,1,5,0.00181371,212
0.025,0.0025,0.032,-0.5,0,0,1,5,0.00248296,230
0.025,0.0025,0.032,-0.5,0.5,0,1,5,0.00249643,378
0.025,0.0025,0.032,-0.5,0.9,0,0,6,0.0025,100001
0.025,0.0025,0.032,-0.5,0.99,0,0,6,0.0025,100001
0.025,0.0025,0.032,0,-0.9,0,1,6,0.0025,307
0.025,0.0025,0.032,0,-0.5,0,1,5,0.00211416,247
0.025,0.0025,0.032,0,0,0,1,5,0.00248214,229
0.025,0.0025,0.032,0,0.5,0,1,5,0.00249659,438
0.025,0.0025,0.032,0,0.9,0,0,6,0.0025,100001
0.025,0.0025,0.032,0,0.99,0,0,6,0.0025,100001
0.025,0.0025,0.032,0.5,-0.9,0,1,6,0.0025,365
0.025,0.0025,0.032,0.5,-0.5,0,1,5,0.0025,273
0.025,0.0025,0.032,0.5,0,0,1,5,0.00248157,296
0.025,0.0025,0.032,0.5,0.5,0,1,5,0.0024966,454
0.025,0.0025,0.032,0.5,0.9,0,0,6,0.0025,100001
0.025,0.0025,0.032,0.5,0.99,0,0,6,0.0025,100001
0.025,0.0025,0.032,0.9,-0.9,0,1,6,0.0025,386
0.025,0.0025,0.032,0.9,-0.5,0,1,5,0.0025,615
0.025,0.0025,0.032,0.9,0,0,1,5,0.0025,1179
0.025,0.0025,0.032,0.9,0.5,0,1,5,0.0025,687
0.025,0.0025,0.032,0.9,0.9,0,1,6,0.0025,200
0.025,0.0025,0.032,0.9,0.99,0,1,8,0.0025,200
0.025,0.0025,0.032,0.99,-0.9,0,1,6,0.0025,567
0.025,0.0025,0.032,0.99,-0.5,0,0,6,0.0025,100001
0.025,0.0025,0.032,0.99,0,0,0,6,0.0025,100001
0.025,0.0025,0.032,0.99,0.5,0,0,6,0.0025,100001
0.025,0.0025,0.032,0.99,0.9,0,0,6,0.0025,100001
0.025,0.0025,0.032,0.99,0.99,0,1,8,0.0025,200
0.01,0.001,0.0128,-0.9,-0.9,0,1,6,0.000744231,200
0.01,0.001,0.0128,-0.9,-0.5,0,1,5,0.000990249,325
0.01,0.001,0.0128,-0.9,0,0,1,5,0.0009979,416
0.01,0.001,0.0128,-0.9,0.5,0,1,5,0.000995803,398
0.01,0.001,0.0128,-0.9,0.9,0,0,6,0.001,100001
0.01,0.001,0.0128,-0.9,0.99,0,0,6,0.001,100001
0.01,0.001,0.0128,-0.5,-0.9,0,1,6,0.001,216
0.01,0.001,0.0128,-0.5,-0.5,0,1,5,0.000989418,210
0.01,0.001,0.0128,-0.5,0,0,1,5,0.000997779,229
0.01,0.001,0.0128,-0.5,0.5,0,1,5,0.000999507,378
0.01,0.001,0.0128,-0.5,0.9,0,0,6,0.001,100001
0.01,0.001,0.0128,-0.5,0.99,0,0,6,0.001,100001
0.01,0.001,0.0128,0,-0.9,0,1,6,0.001,292
0.01,0.001,0.0128,0,-0.5,0,1,5,0.000990056,243
0.01,0.001,0.0128,0,0,0,1,5,0.000997686,226
0.01,0.001,0.0128,0,0.5,0,1,5,0.000999526,439
0.01,0.001,0.0128,0,0.9,0,0,6,0.001,100001
0.01,0.001,0.0128,0,0.99,0,0,6,0.001,100001
0.01,0.001,0.0128,0.5,-0.9,0,1,6,0.001,349
0.01,0.001,0.0128,0.5,-0.5,0,1,5,0.001,270
0.01,0.001,0.0128,0.5,0,0,1,5,0.000997663,289
0.01,0.001,0.0128,0.5,0.5,0,1,5,0.000999523,447
0.01,0.001,0.0128,0.5,0.9,0,0,6,0.001,100001
0.01,0.001,0.0128,0.5,0.99,0,0,6,0.001,100001
0.01,0.001,0.0128,0.9,-0.9,0,1,6,0.001,373
0.01,0.001,0.0128,0.9,-0.5,0,1,5,0.001,605
0.01,0.001,0.0128,0.9,0,0,1,5,0.001,1086
0.01,0.001,0.0128,0.9,0.5,0,1,5,0.001,620
0.01,0.001,0.0128,0.9,0.9,0,1,6,0.001,200
0.01,0.001,0.0128,0.9,0.99,0,1,9,0.001,200
0.01,0.001,0.0128,0.99,-0.9,0,1,6,0.001,569
0.01,0.001,0.0128,0.99,-0.5,0,0,6,0.001,100001
0.01,0.001,0.0128,0.99,0,0,0,6,0.001,100001
0.01,0.001,0.0128,0.99,0.5,0,0,6,0.001,100001
0.01,0.001,0.0128,0.99,0.9,0,1,6,0.001,2367
0.01,0.001,0.0128,0.99,0.99,0,1,8,0.001,200
0.005,0.0005,0.0064,-0.9,-0.9,0,1,6,0.000389518,200
0.005,0.0005,0.0064,-0.9,-0.5,0,1,5,0.000498012,323
0.005,0.0005,0.0064,-0.9,0,0,1,5,0.000499538,416
0.005,0.0005,0.0064,-0.9,0.5,0,1,5,0.000499892,398
0.005,0.0005,0.0064,-0.9,0.9,0,0,6,0.0005,100001
0.005,0.0005,0.0064,-0.9,0.99,0,0,6,0.0005,100001
0.005,0.0005,0.0064,-0.5,-0.9,0,1,6,0.0005,215
0.005,0.0005,0.0064,-0.5,-0.5,0,1,5,0.000497871,210
0.005,0.0005,0.0064,-0.5,0,0,1,5,0.000499514,228
0.005,0.0005,0.0064,-0.5,0.5,0,1,5,0.00049989,378
0.005,0.0005,0.0064,-0.5,0.9,0,0,6,0.0005,100001
0.005,0.0005,0.0064,-0.5,0.99,0,0,6,0.0005,100001
0.005,0.0005,0.0064,0,-0.9,0,1,6,0.0005,287
0.005,0.0005,0.0064,0,-0.5,0,1,5,0.000498069,241
0.005,0.0005,0.0064,0,0,0,1,5,0.000499494,225
0.005,0.0005,0.0064,0,0.5,0,1,5,0.000499894,439
0.005,0.0005,0.0064,0,0.9,0,0,6,0.0005,100001
0.005,0.0005,0.0064,0,0.99,0,0,6,0.0005,100001
0.005,0.0005,0.0064,0.5,-0.9,0,1,6,0.0005,344
0.005,0.0005,0.0064,0.5,-0.5,0,1,5,0.0005,269
0.005,0.0005,0.0064,0.5,0,0,1,5,0.000499488,287
0.005,0.0005,0.0064,0.5,0.5,0,1,5,0.000499892,445
0.005,0.0005,0.0064,0.5,0.9,0,0,6,0.0005,100001
0.005,0.0005,0.0064,0.5,0.99,0,0,6,0.0005,100001
0.005,0.0005,0.0064,0.9,-0.9,0,1,6,0.0005,369
0.005,0.0005,0.0064,0.9,-0.5,0,1,5,0.0005,602
0.005,0.0005,0.0064,0.9,0,0,1,5,0.0005,1057
0.005,0.0005,0.0064,0.9,0.5,0,1,5,0.0005,599
0.005,0.0005,0.0064,0.9,0.9,0,1,6,0.0005,200
0.005,0.0005,0.0064,0.9,0.99,0,1,8,0.0005,200
0.005,0.0005,0.0064,0.99,-0.9,0,1,6,0.0005,570
0.005,0.0005,0.0064,0.99,-0.5,0,0,6,0.0005,100001
0.005,0.0005,0.0064,0.99,0,0,0,6,0.0005,100001
0.005,0.0005,0.0064,0.99,0.5,0,0,6,0.0005,100001
0.005,0.0005,0.0064,0.99,0.9,0,1,6,0.0005,1657
0.005,0.0005,0.0064,0.99,0.99,0,1,8,0.0005,200
0.0025,0.00025,0.0032,-0.9,-0.9,0,1,6,0.000210632,200
0.0025,0.00025,0.0032,-0.9,-0.5,0,1,5,0.000249578,322
0.0025,0.00025,0.0032,-0.9,0,0,1,5,0.000249896,416
0.0025,0.00025,0.0032,-0.9,0.5,0,1,5,0.000249976,398
0.0025,0.00025,0.0032,-0.9,0.9,0,0,6,0.00025,100001
0.0025,0.00025,0.0032,-0.9,0.99,0,0,6,0.00025,100001
0.0025,0.00025,0.0032,-0.5,-0.9,0,1,6,0.00025,214
0.0025,0.00025,0.0032,-0.5,-0.5,0,1,5,0.000249554,209
0.0025,0.00025,0.0032,-0.5,0,0,1,5,0.000249892,228
0.0025,0.00025,0.0032,-0.5,0.5,0,1,5,0.000249975,378
0.0025,0.00025,0.0032,-0.5,0.9,0,0,6,0.00025,100001
0.0025,0.00025,0.0032,-0.5,0.99,0,0,6,0.00025,100001
0.0025,0.00025,0.0032,0,-0.9,0,1,6,0.00025,285
0.0025,0.00025,0.0032,0,-0.5,0,1,5,0.000249604,241
0.0025,0.00025,0.0032,0,0,0,1,5,0.000249887,225
0.0025,0.00025,0.0032,0,0.5,0,1,5,0.000249976,439
0.0025,0.00025,0.0032,0,0.9,0,0,6,0.00025,100001
0.0025,0.00025,0.0032,0,0.99,0,0,6,0.00025,100001
0.0025,0.00025,0.0032,0.5,-0.9,0,1,6,0.00025,342
0.0025,0.00025,0.0032,0.5,-0.5,0,1,5,0.00025,268
0.0025,0.00025,0.0032,0.5,0,0,1,5,0.000249886,286
0.0025,0.00025,0.0032,0.5,0.5,0,1,5,0.000249976,444
0.0025,0.00025,0.0032,0.5,0.9,0,0,6,0.00025,100001
0.0025,0.00025,0.0032,0.5,0.99,0,0,6,0.00025,100001
0.0025,0.00025,0.0032,0.9,-0.9,0,1,6,0.00025,367
0.0025,0.00025,0.0032,0.9,-0.5,0,1,5,0.00025,600
0.0025,0.00025,0.0032,0.9,0,0,1,5,0.00025,1042
0.0025,0.00025,0.0032,0.9,0.5,0,1,5,0.00025,589
0.0025,0.00025,0.0032,0.9,0.9,0,1,6,0.00025,200
0.0025,0.00025,0.0032,0.9,0.99,0,1,8,0.00025,200
0.0025,0.00025,0.0032,0.99,-0.9,0,1,6,0.00025,571
0.0025,0.00025,0.0032,0.99,-0.5,0,0,6,0.00025,100001
0.0025,0.00025,0.0032,0.99,0,0,0,6,0.00025,100001
0.0025,0.00025,0.0032,0.99,0.5,0,0,6,0.00025,100001
0.0025,0.00025,0.0032,0.99,0.9,0,1,6,0.00025,1428
0.0025,0.00025,0.0032,0.99,0.99,0,1,8,0.00025,200
0.001,0.0001,0.00128,-0.9,-0.9,0,1,6,9.96854e-05,200
0.001,0.0001,0.00128,-0.9,-0.5,0,1,5,9.9943e-05,321
0.001,0.0001,0.00128,-0.9,0,0,1,5,9.99853e-05,416
0.001,0.0001,0.00128,-0.9,0.5,0,1,5,9.99966e-05,398
0.001,0.0001,0.00128,-0.9,0.9,0,0,6,0.0001,100001
0.001,0.0001,0.00128,-0.9,0.99,0,0,6,0.0001,100001
0.001,0.0001,0.00128,-0.5,-0.9,0,1,6,0.0001,214
0.001,0.0001,0.00128,-0.5,-0.5,0,1,5,9.99403e-05,209
0.001,0.0001,0.00128,-0.5,0,0,1,5,9.99849e-05,228
0.001,0.0001,0.00128,-0.5,0.5,0,1,5,9.99966e-05,378
0.001,0.0001,0.00128,-0.5,0.9,0,0,6,0.0001,100001
0.001,0.0001,0.00128,-0.5,0.99,0,0,6,0.0001,100001
0.001,0.0001,0.00128,0,-0.9,0,1,6,0.0001,284
0.001,0.0001,0.00128,0,-0.5,0,1,5,9.99496e-05,240
0.001,0.0001,0.00128,0,0,0,1,5,9.99842e-05,225
0.001,0.0001,0.00128,0,0.5,0,1,5,9.99967e-05,439
0.001,0.0001,0.00128,0,0.9,0,0,6,0.0001,100001
0.001,0.0001,0.00128,0,0.99,0,0,6,0.0001,100001
0.001,0.0001,0.00128,0.5,-0.9,0,1,6,0.0001,341
0.001,0.0001,0.00128,0.5,-0.5,0,1,5,0.0001,268
0.001,0.0001,0.00128,0.5,0,0,1,5,9.9984e-05,285
0.001,0.0001,0.00128,0.5,0.5,0,1,5,9.99966e-05,443
0.001,0.0001,0.00128,0.5,0.9,0,0,6,0.0001,100001
0.001,0.0001,0.00128,0.5,0.99,0,0,6,0.0001,100001
0.001,0.0001,0.00128,0.9,-0.9,0,1,6,0.0001,365
0.001,0.0001,0.00128,0.9,-0.5,0,1,5,0.0001,599
0.001,0.0001,0.00128,0.9,0,0,1,5,0.0001,1033
0.001,0.0001,0.00128,0.9,0.5,0,1,5,0.0001,583
0.001,0.0001,0.00128,0.9,0.9,0,1,6,0.0001,200
0.001,0.0001,0.00128,0.9,0.99,0,1,8,0.0001,200
0.001,0.0001,0.00128,0.99,-0.9,0,1,6,0.0001,571
0.001,0.0001,0.00128,0.99,-0.5,0,0,6,0.0001,100001
0.001,0.0001,0.00128,0.99,0,0,0,6,0.0001,100001
0.001,0.0001,0.00128,0.99,0.5,0,0,6,0.0001,100001
0.001,0.0001,0.00128,0.99,0.9,0,1,6,0.0001,1316
0.001,0.0001,0.00128,0.99,0.99,0,1,8,0.0001,200
0.0005,5e-05,0.00064,-0.9,-0.9,0,1,6,4.99445e-05,200
0.0005,5e-05,0.00064,-0.9,-0.5,0,1,5,4.99871e-05,321
0.0005,5e-05,0.00064,-0.9,0,0,1,5,4.99966e-05,416
0.0005,5e-05,0.00064,-0.9,0.5,0,1,5,4.99992e-05,398
0.0005,5e-05,0.00064,-0.9,0.9,0,0,6,5e-05,100001
0.0005,5e-05,0.00064,-0.9,0.99,0,0,6,5e-05,100001
0.0005,5e-05,0.00064,-0.5,-0.9,0,1,6,5e-05,213
0.0005,5e-05,0.00064,-0.5,-0.5,0,1,5,4.99866e-05,209
0.0005,5e-05,0.00064,-0.5,0,0,1,5,4.99965e-05,228
0.0005,5e-05,0.00064,-0.5,0.5,0,1,5,4.99992e-05,378
0.0005,5e-05,0.00064,-0.5,0.9,0,0,6,5e-05,100001
0.0005,5e-05,0.00064,-0.5,0.99,0,0,6,5e-05,100001
0.0005,5e-05,0.00064,0,-0.9,0,1,6,5e-05,283
0.0005,5e-05,0.00064,0,-0.5,0,1,5,4.99893e-05,240
0.0005,5e-05,0.00064,0,0,0,1,5,4.99964e-05,224
0.0005,5e-05,0.00064,0,0.5,0,1,5,4.99992e-05,439
0.0005,5e-05,0.00064,0,0.9,0,0,6,5e-05,100001
0.0005,5e-05,0.00064,0,0.99,0,0,6,5e-05,100001
0.0005,5e-05,0.00064,0.5,-0.9,0,1,6,5e-05,340
0.0005,5e-05,0.00064,0.5,-0.5,0,1,5,5e-05,268
0.0005,5e-05,0.00064,0.5,0,0,1,5,4.99963e-05,285
0.0005,5e-05,0.00064,0.5,0.5,0,1,5,4.99992e-05,443
0.0005,5e-05,0.00064,0.5,0.9,0,0,6,5e-05,100001
0.0005,5e-05,0.00064,0.5,0.99,0,0,6,5e-05,100001
0.0005,5e-05,0.00064,0.9,-0.9,0,1,6,5e-05,365
0.0005,5e-05,0.00064,0.9,-0.5,0,1,5,5e-05,599
0.0005,5e-05,0.00064,0.9,0,0,1,5,5e-05,1031
0.0005,5e-05,0.00064,0.9,0.5,0,1,5,5e-05,581
0.0005,5e-05,0.00064,0.9,0.9,0,1,6,5e-05,200
0.0005,5e-05,0.00064,0.9,0.99,0,1,8,5e-05,200
0.0005,5e-05,0.00064,0.99,-0.9,0,1,6,5e-05,571
0.0005,5e-05,0.00064,0.99,-0.5,0,0,6,5e-05,100001
0.0005,5e-05,0.00064,0.99,0,0,0,6,5e-05,100001
0.0005,5e-05,0.00064,0.99,0.5,0,0,6,5e-05,100001
0.0005,5e-05,0.00064,0.99,0.9,0,1,6,5e-05,1281
0.0005,5e-05,0.00064,0.99,0.99,0,1,8,5e-05,200
0.00025,2.5e-05,0.00032,-0.9,-0.9,0,1,6,2.49895e-05,200
0.00025,2.5e-05,0.00032,-0.9,-0.5,0,1,5,2.49971e-05,321
0.00025,2.5e-05,0.00032,-0.9,0,0,1,5,2.49992e-05,416
0.00025,2.5e-05,0.00032,-0.9,0.5,0,1,5,2.49998e-05,398
0.00025,2.5e-05,0.00032,-0.9,0.9,0,0,6,2.5e-05,100001
0.00025,2.5e-05,0.00032,-0.9,0.99,0,0,6,2.5e-05,100001
0.00025,2.5e-05,0.00032,-0.5,-0.9,0,1,6,2.5e-05,213
0.00025,2.5e-05,0.00032,-0.5,-0.5,0,1,5,2.4997e-05,209
0.00025,2.5e-05,0.00032,-0.5,0,0,1,5,2.49992e-05,228
0.00025,2.5e-05,0.00032,-0.5,0.5,0,1,5,2.49998e-05,378
0.00025,2.5e-05,0.00032,-0.5,0.9,0,0,6,2.5e-05,100001
0.00025,2.5e-05,0.00032,-0.5,0.99,0,0,6,2.5e-05,100001
0.00025,2.5e-05,0.00032,0,-0.9,0,1,6,2.5e-05,283
0.00025,2.5e-05,0.00032,0,-0.5,0,1,5,2.49978e-05,240
0.00025,2.5e-05,0.00032,0,0,0,1,5,2.49992e-05,224
0.00025,2.5e-05,0.00032,0,0.5,0,1,5,2.49998e-05,439
0.00025,2.5e-05,0.00032,0,0.9,0,0,6,2.5e-05,100001
0.00025,2.5e-05,0.00032,0,0.99,0,0,6,2.5e-05,100001
0.00025,2.5e-05,0.00032,0.5,-0.9,0,1,6,2.5e-05,340
0.00025,2.5e-05,0.00032,0.5,-0.5,0,1,5,2.5e-05,268
0.00025,2.5e-05,0.00032,0.5,0,0,1,5,2.49992e-05,285
0.00025,2.5e-05,0.00032,0.5,0.5,0,1,5,2.49998e-05,443
0.00025,2.5e-05,0.00032,0.5,0.9,0,0,6,2.5e-05,100001
0.00025,2.5e-05,0.00032,0.5,0.99,0,0,6,2.5e-05,100001
0.00025,2.5e-05,0.00032,0.9,-0.9,0,1,6,2.5e-05,365
0.00025,2.5e-05,0.00032,0.9,-0.5,0,1,5,2.5e-05,599
0.00025,2.5e-05,0.00032,0.9,0,0,1,5,2.5e-05,1029
0.00025,2.5e-05,0.00032,0.9,0.5,0,1,5,2.5e-05,580
0.00025,2.5e-05,0.00032,0.9,0.9,0,1,6,2.5e-05,200
0.00025,2.5e-05,0.00032,0.9,0.99,0,1,9,2.5e-05,200
0.00025,2.5e-05,0.00032,0.99,-0.9,0,1,6,2.5e-05,571
0.00025,2.5e-05,0.00032,0.99,-0.5,0,0,6,2.5e-05,100001
0.00025,2.5e-05,0.00032,0.99,0,0,0,6,2.5e-05,100001
0.00025,2.5e-05,0.00032,0.99,0.5,0,0,6,2.5e-05,100001
0.00025,2.5e-05,0.00032,0.99,0.9,0,1,6,2.5e-05,1264
0.00025,2.5e-05,0.00032,0.99,0.99,0,1,8,2.5e-05,200
0.0001,1e-05,0.000128,-0.9,-0.9,0,1,6,9.99873e-06,200
0.0001,1e-05,0.000128,-0.9,-0.5,0,1,5,9.99957e-06,321
0.0001,1e-05,0.000128,-0.9,0,0,1,5,9.99989e-06,416
0.0001,1e-05,0.000128,-0.9,0.5,0,1,5,9.99998e-06,398
0.0001,1e-05,0.000128,-0.9,0.9,0,0,6,1e-05,100001
0.0001,1e-05,0.000128,-0.9,0.99,0,0,6,1e-05,100001
0.0001,1e-05,0.000128,-0.5,-0.9,0,1,6,1e-05,213
0.0001,1e-05,0.000128,-0.5,-0.5,0,1,5,9.99957e-06,209
0.0001,1e-05,0.000128,-0.5,0,0,1,5,9.99988e-06,228
0.0001,1e-05,0.000128,-0.5,0.5,0,1,5,9.99997e-06,378
0.0001,1e-05,0.000128,-0.5,0.9,0,0,6,1e-05,100001
0.0001,1e-05,0.000128,-0.5,0.99,0,0,6,1e-05,100001
0.0001,1e-05,0.000128,0,-0.9,0,1,6,1e-05,283
0.0001,1e-05,0.000128,0,-0.5,0,1,5,9.99973e-06,240
0.0001,1e-05,0.000128,0,0,0,1,5,9.99988e-06,224
0.0001,1e-05,0.000128,0,0.5,0,1,5,9.99998e-06,439
0.0001,1e-05,0.000128,0,0.9,0,0,6,1e-05,100001
0.0001,1e-05,0.000128,0,0.99,0,0,6,1e-05,100001
0.0001,1e-05,0.000128,0.5,-0.9,0,1,6,1e-05,340
0.0001,1e-05,0.000128,0.5,-0.5,0,1,5,1e-05,268
0.0001,1e-05,0.000128,0.5,0,0,1,5,9.99988e-06,285
0.0001,1e-05,0.000128,0.5,0.5,0,1,5,9.99997e-06,443
0.0001,1e-05,0.000128,0.5,0.9,0,0,6,1e-05,100001
0.0001,1e-05,0.000128,0.5,0.99,0,0,6,1e-05,100001
0.0001,1e-05,0.000128,0.9,-0.9,0,1,6,1e-05,365
0.0001,1e-05,0.000128,0.9,-0.5,0,1,5,1e-05,599
0.0001,1e-05,0.000128,0.9,0,0,1,5,1e-05,1028
0.0001,1e-05,0.000128,0.9,0.5,0,1,5,1e-05,579
0.0001,1e-05,0.000128,0.9,0.9,0,1,6,1e-05,200
0.0001,1e-05,0.000128,0.9,0.99,0,1,8,1e-05,200
0.0001,1e-05,0.000128,0.99,-0.9,0,1,6,1e-05,571
0.0001,1e-05,0.000128,0.99,-0.5,0,0,6,1e-05,100001
0.0001,1e-05,0.000128,0.99,0,0,0,6,1e-05,100001
0.0001,1e-05,0.000128,0.99,0.5,0,0,6,1e-05,100001
0.0001,1e-05,0.000128,0.99,0.9,0,1,6,1e-05,1254
0.0001,1e-05,0.000128,0.99,0.99,0,1,8,1e-05,200
5e-05,5e-06,6.4e-05,-0.9,-0.9,0,1,6,4.99972e-06,200
5e-05,5e-06,6.4e-05,-0.9,-0.5,0,1,5,4.9999e-06,321
5e-05,5e-06,6.4e-05,-0.9,0,0,1,5,4.99997e-06,416
5e-05,5e-06,6.4e-05,-0.9,0.5,0,1,5,4.99999e-06,398
5e-05,5e-06,6.4e-05,-0.9,0.9,0,0,6,5e-06,100001
5e-05,5e-06,6.4e-05,-0.9,0.99,0,0,6,5e-06,100001
5e-05,5e-06,6.4e-05,-0.5,-0.9,0,1,6,5e-06,213
5e-05,5e-06,6.4e-05,-0.5,-0.5,0,1,5,4.9999e-06,209
5e-05,5e-06,6.4e-05,-0.5,0,0,1,5,4.99997e-06,228
5e-05,5e-06,6.4e-05,-0.5,0.5,0,1,5,4.99999e-06,378
5e-05,5e-06,6.4e-05,-0.5,0.9,0,0,6,5e-06,100001
5e-05,5e-06,6.4e-05,-0.5,0.99,0,0,6,5e-06,100001
5e-05,5e-06,6.4e-05,0,-0.9,0,1,6,5e-06,283
5e-05,5e-06,6.4e-05,0,-0.5,0,1,5,4.99995e-06,240
5e-05,5e-06,6.4e-05,0,0,0,1,5,4.99997e-06,224
5e-05,5e-06,6.4e-05,0,0.5,0,1,5,4.99999e-06,439
5e-05,5e-06,6.4e-05,0,0.9,0,0,6,5e-06,100001
5e-05,5e-06,6.4e-05,0,0.99,0,0,6,5e-06,100001
5e-05,5e-06,6.4e-05,0.5,-0.9,0,1,6,5e-06,340
5e-05,5e-06,6.4e-05,0.5,-0.5,0,1,5,5e-06,268
5e-05,5e-06,6.4e-05,0.5,0,0,1,5,4.99997e-06,285
5e-05,5e-06,6.4e-05,0.5,0.5,0,1,5,4.99999e-06,443
5e-05,5e-06,6.4e-05,0.5,0.9,0,0,6,5e-06,100001
5e-05,5e-06,6.4e-05,0.5,0.99,0,0,6,5e-06,100001
5e-05,5e-06,6.4e-05,0.9,-0.9,0,1,6,5e-06,365
5e-05,5e-06,6.4e-05,0.9,-0.5,0,1,5,5e-06,599
5e-05,5e-06,6.4e-05,0.9,0,0,1,5,5e-06,1028
5e-05,5e-06,6.4e-05,0.9,0.5,0,1,5,5e-06,579
5e-05,5e-06,6.4e-05,0.9,0.9,0,1,6,5e-06,200
5e-05,5e-06,6.4e-05,0.9,0.99,0,1,8,5e-06,200
5e-05,5e-06,6.4e-05,0.99,-0.9,0,1,6,5e-06,571
5e-05,5e-06,6.4e-05,0.99,-0.5,0,0,6,5e-06,100001
5e-05,5e-06,6.4e-05,0.99,0,0,0,6,5e-06,100001
5e-05,5e-06,6.4e-05,0.99,0.5,0,0,6,5e-06,100001
5e-05,5e-06,6.4e-05,0.99,0.9,0,1,6,5e-06,1251
5e-05,5e-06,6.4e-05,0.99,0.99,0,1,8,5e-06,200
2.5e-05,2.5e-06,3.2e-05,-0.9,-0.9,0,1,6,2.49994e-06,200
2.5e-05,2.5e-06,3.2e-05,-0.9,-0.5,0,1,5,2.49998e-06,321
2.5e-05,2.5e-06,3.2e-05,-0.9,0,0,1,5,2.49999e-06,416
2.5e-05,2.5e-06,3.2e-05,-0.9,0.5,0,1,5,2.5e-06,398
2.5e-05,2.5e-06,3.2e-05,-0.9,0.9,0,0,6,2.5e-06,100001
2.5e-05,2.5e-06,3.2e-05,-0.9,0.99,0,0,6,2.5e-06,100001
2.5e-05,2.5e-06,3.2e-05,-0.5,-0.9,0,1,6,2.5e-06,213
2.5e-05,2.5e-06,3.2e-05,-0.5,-0.5,0,1,5,2.49998e-06,209
2.5e-05,2.5e-06,3.2e-05,-0.5,0,0,1,5,2.49999e-06,228
2.5e-05,2.5e-06,3.2e-05,-0.5,0.5,0,1,5,2.5e-06,378
2.5e-05,2.5e-06,3.2e-05,-0.5,0.9,0,0,6,2.5e-06,100001
2.5e-05,2.5e-06,3.2e-05,-0.5,0.99,0,0,6,2.5e-06,100001
2.5e-05,2.5e-06,3.2e-05,0,-0.9,0,1,6,2.5e-06,283
2.5e-05,2.5e-06,3.2e-05,0,-0.5,0,1,5,2.49999e-06,240
2.5e-05,2.5e-06,3.2e-05,0,0,0,1,5,2.49999e-06,224
2.5e-05,2.5e-06,3.2e-05,0,0.5,0,1,5,2.5e-06,439
2.5e-05,2.5e-06,3.2e-05,0,0.9,0,0,6,2.5e-06,100001
2.5e-05,2.5e-06,3.2e-05,0,0.99,0,0,6,2.5e-06,100001
2.5e-05,2.5e-06,3.2e-05,0.5,-0.9,0,1,6,2.5e-06,340
2.5e-05,2.5e-06,3.2e-05,0.5,-0.5,0,1,5,2.5e-06,268
2.5e-05,2.5e-06,3.2e-05,0.5,0,0,1,5,2.49999e-06,285
2.5e-05,2.5e-06,3.2e-05,0.5,0.5,0,1,5,2.5e-06,443
2.5e-05,2.5e-06,3.2e-05,0.5,0.9,0,0,6,2.5e-06,100001
2.5e-05,2.5e-06,3.2e-05,0.5,0.99,0,0,6,2.5e-06,100001
2.5e-05,2.5e-06,3.2e-05,0.9,-0.9,0,1,6,2.5e-06,364
2.5e-05,2.5e-06,3.2e-05,0.9,-0.5,0,1,5,2.5e-06,599
2.5e-05,2.5e-06,3.2e-05,0.9,0,0,1,5,2.5e-06,1028
2.5e-05,2.5e-06,3.2e-05,0.9,0.5,0,1,5,2.5e-06,579
2.5e-05,2.5e-06,3.2e-05,0.9,0.9,0,1,6,2.5e-06,200
2.5e-05,2.5e-06,3.2e-05,0.9,0.99,0,1,8,2.5e-06,200
2.5e-05,2.5e-06,3.2e-05,0.99,-0.9,0,1,6,2.5e-06,571
2.5e-05,2.5e-06,3.2e-05,0.99,-0.5,0,0,6,2.5e-06,100001
2.5e-05,2.5e-06,3.2e-05,0.99,0,0,0,6,2.5e-06,100001
2.5e-05,2.5e-06,3.2e-05,0.99,0.5,0,0,6,2.5e-06,100001
2.5e-05,2.5e-06,3.2e-05,0.99,0.9,0,1,6,2.5e-06,1249
2.5e-05,2.5e-06,3.2e-05,0.99,0.99,0,1,8,2.5e-06,200
1e-05,1e-06,1.28e-05,-0.9,-0.9,0,1,6,9.99991e-07,200
1e-05,1e-06,1.28e-05,-0.9,-0.5,0,1,5,9.99997e-07,321
1e-05,1e-06,1.28e-05,-0.9,0,0,1,5,9.99999e-07,416
1e-05,1e-06,1.28e-05,-0.9,0.5,0,1,5,1e-06,398
1e-05,1e-06,1.28e-05,-0.9,0.9,0,0,6,1e-06,100001
1e-05,1e-06,1.28e-05,-0.9,0.99,0,0,6,1e-06,100001
1e-05,1e-06,1.28e-05,-0.5,-0.9,0,1,6,1e-06,213
1e-05,1e-06,1.28e-05,-0.5,-0.5,0,1,5,9.99997e-07,209
1e-05,1e-06,1.28e-05,-0.5,0,0,1,5,9.99999e-07,228
1e-05,1e-06,1.28e-05,-0.5,0.5,0,1,5,1e-06,378
1e-05,1e-06,1.28e-05,-0.5,0.9,0,0,6,1e-06,100001
1e-05,1e-06,1.28e-05,-0.5,0.99,0,0,6,1e-06,100001
1e-05,1e-06,1.28e-05,0,-0.9,0,1,6,1e-06,283
1e-05,1e-06,1.28e-05,0,-0.5,0,1,5,1e-06,240
1e-05,1e-06,1.28e-05,0,0,0,1,5,9.99999e-07,224
1e-05,1e-06,1.28e-05,0,0.5,0,1,5,1e-06,439
1e-05,1e-06,1.28e-05,0,0.9,0,0,6,1e-06,100001
1e-05,1e-06,1.28e-05,0,0.99,0,0,6,1e-06,100001
1e-05,1e-06,1.28e-05,0.5,-0.9,0,1,6,1e-06,340
1e-05,1e-06,1.28e-05,0.5,-0.5,0,1,5,1e-06,268
1e-05,1e-06,1.28e-05,0.5,0,0,1,5,9.99999e-07,285
1e-05,1e-06,1.28e-05,0.5,0.5,0,1,5,1e-06,443
1e-05,1e-06,1.28e-05,0.5,0.9,0,0,6,1e-06,100001
1e-05,1e-06,1.28e-05,0.5,0.99,0,0,6,1e-06,100001
1e-05,1e-06,1.28e-05,0.9,-0.9,0,1,6,1e-06,364
1e-05,1e-06,1.28e-05,0.9,-0.5,0,1,5,1e-06,599
1e-05,1e-06,1.28e-05,0.9,0,0,1,5,1e-06,1028
1e-05,1e-06,1.28e-05,0.9,0.5,0,1,5,1e-06,579
1e-05,1e-06,1.28e-05,0.9,0.9,0,1,6,1e-06,200
1e-05,1e-06,1.28e-05,0.9,0.99,0,1,8,1e-06,200
1e-05,1e-06,1.28e-05,0.99,-0.9,0,1,6,1e-06,571
1e-05,1e-06,1.28e-05,0.99,-0.5,0,0,6,1e-06,100001
1e-05,1e-06,1.28e-05,0.99,0,0,0,6,1e-06,100001
1e-05,1e-06,1.28e-05,0.99,0.5,0,0,6,1e-06,100001
1e-05,1e-06,1.28e-05,0.99,0.9,0,1,6,1e-06,1248
1e-05,1e-06,1.28e-05,0.99,0.99,0,1,8,1e-06,200
5e-06,5e-07,6.4e-06,-0.9,-0.9,0,1,6,4.99998e-07,200
5e-06,5e-07,6.4e-06,-0.9,-0.5,0,1,5,4.99999e-07,321
5e-06,5e-07,6.4e-06,-0.9,0,0,1,5,5e-07,416
5e-06,5e-07,6.4e-06,-0.9,0.5,0,1,5,5e-07,398
5e-06,5e-07,6.4e-06,-0.9,0.9,0,0,6,5e-07,100001
5e-06,5e-07,6.4e-06,-0.9,0.99,0,0,6,5e-07,100001
5e-06,5e-07,6.4e-06,-0.5,-0.9,0,1,6,5e-07,213
5e-06,5e-07,6.4e-06,-0.5,-0.5,0,1,5,4.99999e-07,209
5e-06,5e-07,6.4e-06,-0.5,0,0,1,5,5e-07,228
5e-06,5e-07,6.4e-06,-0.5,0.5,0,1,5,5e-07,378
5e-06,5e-07,6.4e-06,-0.5,0.9,0,0,6,5e-07,100001
5e-06,5e-07,6.4e-06,-0.5,0.99,0,0,6,5e-07,100001
5e-06,5e-07,6.4e-06,0,-0.9,0,1,6,5e-07,283
5e-06,5e-07,6.4e-06,0,-0.5,0,1,5,5e-07,240
5e-06,5e-07,6.4e-06,0,0,0,1,5,5e-07,224
5e-06,5e-07,6.4e-06,0,0.5,0,1,5,5e-07,439
5e-06,5e-07,6.4e-06,0,0.9,0,0,6,5e-07,100001
5e-06,5e-07,6.4e-06,0,0.99,0,0,6,5e-07,100001
5e-06,5e-07,6.4e-06,0.5,-0.9,0,1,6,5e-07,340
5e-06,5e-07,6.4e-06,0.5,-0.5,0,1,5,5e-07,268
5e-06,5e-07,6.4e-06,0.5,0,0,1,5,5e-07,285
5e-06,5e-07,6.4e-06,0.5,0.5,0,1,5,5e-07,443
5e-06,5e-07,6.4e-06,0.5,0.9,0,0,6,5e-07,100001
5e-06,5e-07,6.4e-06,0.5,0.99,0,0,6,5e-07,100001
5e-06,5e-07,6.4e-06,0.9,-0.9,0,1,6,5e-07,364
5e-06,5e-07,6.4e-06,0.9,-0.5,0,1,5,5e-07,599
5e-06,5e-07,6.4e-06,0.9,0,0,1,5,5e-07,1028
5e-06,5e-07,6.4e-06,0.9,0.5,0,1,5,5e-07,579
5e-06,5e-07,6.4e-06,0.9,0.9,0,1,6,5e-07,200
5e-06,5e-07,6.4e-06,0.9,0.99,0,1,8,5e-07,200
5e-06,5e-07,6.4e-06,0.99,-0.9,0,1,6,5e-07,571
5e-06,5e-07,6.4e-06,0.99,-0.5,0,0,6,5e-07,100001
5e-06,5e-07,6.4e-06,0.99,0,0,0,6,5e-07,100001
5e-06,5e-07,6.4e-06,0.99,0.5,0,0,6,5e-07,100001
5e-06,5e-07,6.4e-06,0.99,0.9,0,1,6,5e-07,1248
5e-06,5e-07,6.4e-06,0.99,0.99,0,1,8,5e-07,200
2.5e-06,2.5e-07,3.2e-06,-0.9,-0.9,0,1,6,2.5e-07,200
2.5e-06,2.5e-07,3.2e-06,-0.9,-0.5,0,1,5,2.5e-07,321
2.5e-06,2.5e-07,3.2e-06,-0.9,0,0,1,5,2.5e-07,416
2.5e-06,2.5e-07,3.2e-06,-0.9,0.5,0,1,5,2.5e-07,398
2.5e-06,2.5e-07,3.2e-06,-0.9,0.9,0,0,6,2.5e-07,100001
2.5e-06,2.5e-07,3.2e-06,-0.9,0.99,0,0,6,2.5e-07,100001
2.5e-06,2.5e-07,3.2e-06,-0.5,-0.9,0,1,6,2.5e-07,213
2.5e-06,2.5e-07,3.2e-06,-0.5,-0.5,0,1,5,2.5e-07,209
2.5e-06,2.5e-07,3.2e-06,-0.5,0,0,1,5,2.5e-07,228
2.5e-06,2.5e-07,3.2e-06,-0.5,0.5,0,1,5,2.5e-07,378
2.5e-06,2.5e-07,3.2e-06,-0.5,0.9,0,0,6,2.5e-07,100001
2.5e-06,2.5e-07,3.2e-06,-0.5,0.99,0,0,6,2.5e-07,100001
2.5e-06,2.5e-07,3.2e-06,0,-0.9,0,1,6,2.5e-07,283
2.5e-06,2.5e-07,3.2e-06,0,-0.5,0,1,5,2.5e-07,240
2.5e-06,2.5e-07,3.2e-06,0,0,0,1,5,2.5e-07,224
2.5e-06,2.5e-07,3.2e-06,0,0.5,0,1,5,2.5e-07,439
2.5e-06,2.5e-07,3.2e-06,0,0.9,0,0,6,2.5e-07,100001
2.5e-06,2.5e-07,3.2e-06,0,0.99,0,0,6,2.5e-07,100001
2.5e-06,2.5e-07,3.2e-06,0.5,-0.9,0,1,6,2.5e-07,340
2.5e-06,2.5e-07,3.2e-06,0.5,-0.5,0,1,5,2.5e-07,268
2.5e-06,2.5e-07,3.2e-06,0.5,0,0,1,5,2.5e-07,285
2.5e-06,2.5e-07,3.2e-06,0.5,0.5,0,1,5,2.5e-07,443
2.5e-06,2.5e-07,3.2e-06,0.5,0.9,0,0,6,2.5e-07,100001
2.5e-06,2.5e-07,3.2e-06,0.5,0.99,0,0,6,2.5e-07,100001
2.5e-06,2.5e-07,3.2e-06,0.9,-0.9,0,1,6,2.5e-07,364
2.5e-06,2.5e-07,3.2e-06,0.9,-0.5,0,1,5,2.5e-07,599
2.5e-06,2.5e-07,3.2e-06,0.9,0,0,1,5,2.5e-07,1028
2.5e-06,2.5e-07,3.2e-06,0.9,0.5,0,1,5,2.5e-07,579
2.5e-06,2.5e-07,3.2e-06,0.9,0.9,0,1,6,2.5e-07,200
2.5e-06,2.5e-07,3.2e-06,0.9,0.99,0,1,8,2.5e-07,200
2.5e-06,2.5e-07,3.2e-06,0.99,-0.9,0,1,6,2.5e-07,571
2.5e-06,2.5e-07,3.2e-06,0.99,-0.5,0,0,6,2.5e-07,100001
2.5e-06,2.5e-07,3.2e-06,0.99,0,0,0,6,2.5e-07,100001
2.5e-06,2.5e-07,3.2e-06,0.99,0.5,0,0,6,2.5e-07,100001
2.5e-06,2.5e-07,3.2e-06,0.99,0.9,0,1,6,2.5e-07,1248
2.5e-06,2.5e-07,3.2e-06,0.99,0.99,0,1,8,2.5e-07,200
1e-06,1e-07,1.28e-06,-0.9,-0.9,0,1,6,9.99999e-08,200
1e-06,1e-07,1.28e-06,-0.9,-0.5,0,1,5,1e-07,321
1e-06,1e-07,1.28e-06,-0.9,0,0,1,5,1e-07,416
1e-06,1e-07,1.28e-06,-0.9,0.5,0,1,5,1e-07,398
1e-06,1e-07,1.28e-06,-0.9,0.9,0,0,6,1e-07,100001
1e-06,1e-07,1.28e-06,-0.9,0.99,0,0,6,1e-07,100001
1e-06,1e-07,1.28e-06,-0.5,-0.9,0,1,6,1e-07,213
1e-06,1e-07,1.28e-06,-0.5,-0.5,0,1,5,1e-07,209
1e-06,1e-07,1.28e-06,-0.5,0,0,1,5,1e-07,228
1e-06,1e-07,1.28e-06,-0.5,0.5,0,1,5,1e-07,378
1e-06,1e-07,1.28e-06,-0.5,0.9,0,0,6,1e-07,100001
1e-06,1e-07,1.28e-06,-0.5,0.99,0,0,6,1e-07,100001
1e-06,1e-07,1.28e-06,0,-0.9,0,1,6,1e-07,283
1e-06,1e-07,1.28e-06,0,-0.5,0,1,5,1e-07,240
1e-06,1e-07,1.28e-06,0,0,0,1,5,1e-07,224
1e-06,1e-07,1.28e-06,0,0.5,0,1,5,1e-07,439
1e-06,1e-07,1.28e-06,0,0.9,0,0,6,1e-07,100001
1e-06,1e-07,1.28e-06,0,0.99,0,0,6,1e-07,100001
1e-06,1e-07,1.28e-06,0.5,-0.9,0,1,6,1e-07,340
1e-06,1e-07,1.28e-06,0.5,-0.5,0,1,5,1e-07,268
1e-06,1e-07,1.28e-06,0.5,0,0,1,5,1e-07,285
1e-06,1e-07,1.28e-06,0.5,0.5,0,1,5,1e-07,443
1e-06,1e-07,1.28e-06,0.5,0.9,0,0,6,1e-07,100001
1e-06,1e-07,1.28e-06,0.5,0.99,0,0,6,1e-07,100001
1e-06,1e-07,1.28e-06,0.9,-0.9,0,1,6,1e-07,364
1e-06,1e-07,1.28e-06,0.9,-0.5,0,1,5,1e-07,599
1e-06,1e-07,1.28e-06,0.9,0,0,1,5,1e-07,1028
1e-06,1e-07,1.28e-06,0.9,0.5,0,1,5,1e-07,579
1e-06,1e-07,1.28e-06,0.9,0.9,0,1,6,1e-07,200
1e-06,1e-07,1.28e-06,0.9,0.99,0,1,8,1e-07,200
1e-06,1e-07,1.28e-06,0.99,-0.9,0,1,6,1e-07,571
1e-06,1e-07,1.28e-06,0.99,-0.5,0,0,6,1e-07,100001
1e-06,1e-07,1.28e-06,0.99,0,0,0,6,9.99999e-08,100001
1e-06,1e-07,1.28e-06,0.99,0.5,0,0,6,1e-07,100001
1e-06,1e-07,1.28e-06,0.99,0.9,0,1,6,1e-07,1248
1e-06,1e-07,1.28e-06,0.99,0.99,0,1,8,1e-07,200
5e-07,5e-08,6.4e-07,-0.9,-0.9,0,1,6,5e-08,200
5e-07,5e-08,6.4e-07,-0.9,-0.5,0,1,5,5e-08,321
5e-07,5e-08,6.4e-07,-0.9,0,0,1,5,5e-08,416
5e-07,5e-08,6.4e-07,-0.9,0.5,0,1,5,5e-08,398
5e-07,5e-08,6.4e-07,-0.9,0.9,0,0,6,5e-08,100001
5e-07,5e-08,6.4e-07,-0.9,0.99,0,0,6,5e-08,100001
5e-07,5e-08,6.4e-07,-0.5,-0.9,0,1,6,5e-08,213
5e-07,5e-08,6.4e-07,-0.5,-0.5,0,1,5,5e-08,209
5e-07,5e-08,6.4e-07,-0.5,0,0,1,5,5e-08,228
5e-07,5e-08,6.4e-07,-0.5,0.5,0,1,5,5e-08,378
5e-07,5e-08,6.4e-07,-0.5,0.9,0,0,6,5e-08,100001
5e-07,5e-08,6.4e-07,-0.5,0.99,0,0,6,5e-08,100001
5e-07,5e-08,6.4e-07,0,-0.9,0,1,6,5e-08,283
5e-07,5e-08,6.4e-07,0,-0.5,0,1,5,5e-08,240
5e-07,5e-08,6.4e-07,0,0,0,1,5,5e-08,224
5e-07,5e-08,6.4e-07,0,0.5,0,1,5,5e-08,439
5e-07,5e-08,6.4e-07,0,0.9,0,0,6,5e-08,100001
5e-07,5e-08,6.4e-07,0,0.99,0,0,6,5e-08,100001
5e-07,5e-08,6.4e-07,0.5,-0.9,0,1,6,5e-08,340
5e-07,5e-08,6.4e-07,0.5,-0.5,0,1,5,5e-08,268
5e-07,5e-08,6.4e-07,0.5,0,0,1,5,5e-08,285
5e-07,5e-08,6.4e-07,0.5,0.5,0,1,5,5e-08,443
5e-07,5e-08,6.4e-07,0.5,0.9,0,0,6,5e-08,100001
5e-07,5e-08,6.4e-07,0.5,0.99,0,0,6,5e-08,100001
5e-07,5e-08,6.4e-07,0.9,-0.9,0,1,6,5e-08,364
5e-07,5e-08,6.4e-07,0.9,-0.5,0,1,5,5e-08,599
5e-07,5e-08,6.4e-07,0.9,0,0,1,5,5e-08,1028
5e-07,5e-08,6.4e-07,0.9,0.5,0,1,5,5e-08,579
5e-07,5e-08,6.4e-07,0.9,0.9,0,1,6,5e-08,200
5e-07,5e-08,6.4e-07,0.9,0.99,0,1,8,5e-08,200
5e-07,5e-08,6.4e-07,0.99,-0.9,0,1,6,5e-08,571
5e-07,5e-08,6.4e-07,0.99,-0.5,0,0,6,5e-08,100001
5e-07,5e-08,6.4e-07,0.99,0,0,0,6,4.99999e-08,100001
5e-07,5e-08,6.4e-07,0.99,0.5,0,0,6,5e-08,100001
5e-07,5e-08,6.4e-07,0.99,0.9,0,1,6,5e-08,1248
5e-07,5e-08,6.4e-07,0.99,0.99,0,1,8,5e-08,200
