x,rho,P,vx,By
-0.49875,1,0.05,0,1
-0.49625,1,0.05,0,1
-0.49375,1,0.05,0,1
-0.49125,1,0.05,0,1
-0.48875,1,0.05,0,1
-0.48625,1,0.05,0,1
-0.48375,1,0.05,0,1
-0.48125,1,0.05,0,1
-0.47875,1,0.05,0,1
-0.47625,1,0.05,0,1
-0.47375,1,0.05,0,1
-0.47125,1,0.05,0,1
-0.46875,1,0.05,0,1
-0.46625,1,0.05,0,1
-0.46375,1,0.05,0,1
-0.46125,1,0.05,0,1
-0.45875,1,0.05,-9.15947e-18,1
-0.45625,1,0.05,-3.42752e-17,1
-0.45375,1,0.05,-2.52092e-17,1
-0.45125,1,0.05,-2.5208e-17,1
-0.44875,1,0.05,-2.52078e-17,1
-0.44625,1,0.05,-2.51969e-17,1
-0.44375,1,0.05,-2.51902e-17,1
-0.44125,1,0.05,-2.51843e-17,1
-0.43875,1,0.05,-2.51794e-17,1
-0.43625,1,0.05,-2.51752e-17,1
-0.43375,1,0.05,-2.5172e-17,1
-0.43125,1,0.05,-2.51697e-17,1
-0.42875,1,0.05,-2.51683e-17,1
-0.42625,1,0.05,-2.51622e-17,1
-0.42375,1,0.05,-2.51527e-17,1
-0.42125,1,0.05,-2.51459e-17,1
-0.41875,1,0.05,-2.51399e-17,1
-0.41625,1,0.05,-2.51347e-17,1
-0.41375,1,0.05,-2.51304e-17,1
-0.41125,1,0.05,-2.51269e-17,1
-0.40875,1,0.05,-2.51243e-17,1
-0.40625,1,0.05,-2.51208e-17,1
-0.40375,1,0.05,-2.51093e-17,1
-0.40125,1,0.05,-2.51015e-17,1
-0.39875,1,0.05,-2.50944e-17,1
-0.39625,1,0.05,-2.50882e-17,1
-0.39375,1,0.05,-2.50827e-17,1
-0.39125,1,0.05,-2.50781e-17,1
-0.38875,1,0.05,-2.50742e-17,1
-0.38625,1,0.05,-2.50712e-17,1
-0.38375,1,0.05,-2.50582e-17,1
-0.38125,1,0.05,-2.50494e-17,1
-0.37875,1,0.05,-2.50413e-17,1
-0.37625,1,0.05,-2.50339e-17,1
-0.37375,1,0.05,-2.50272e-17,1
-0.37125,1,0.05,-2.50214e-17,1
-0.36875,1,0.05,-2.50162e-17,1
-0.36625,1,0.05,-2.50114e-17,1
-0.36375,1,0.05,-2.49977e-17,1
-0.36125,1,0.05,-2.49877e-17,1
-0.35875,1,0.05,-2.49784e-17,1
-0.35625,1,0.05,-2.49698e-17,1
-0.35375,1,0.05,-2.49619e-17,1
-0.35125,1,0.05,-2.49547e-17,1
-0.34875,1,0.05,-2.49482e-17,1
-0.34625,1,0.05,-2.49397e-17,1
-0.34375,1,0.05,-2.49256e-17,1
-0.34125,1,0.05,-2.49143e-17,1
-0.33875,1,0.05,-2.49037e-17,1
-0.33625,1,0.05,-2.48938e-17,1
-0.33375,1,0.05,-2.48845e-17,1
-0.33125,1,0.05,-2.48758e-17,1
-0.32875,1,0.05,-2.48678e-17,1
-0.32625,1,0.05,-2.48538e-17,1
-0.32375,1,0.05,-2.48396e-17,1
-0.32125,1,0.05,-2.4827e-17,1
-0.31875,1,0.05,-2.48149e-17,1
-0.31625,1,0.05,-2.48034e-17,1
-0.31375,1,0.05,-2.47925e-17,1
-0.31125,1,0.05,-2.18254e-17,1
-0.30875,1,0.05,5.4697e-18,1
-0.30625,1,0.05,1.21564e-17,1
-0.30375,1,0.05,3.86473e-17,1
-0.30125,1,0.05,1.90617e-16,1
-0.29875,1,0.05,4.65317e-16,1
-0.29625,1,0.05,1.46026e-15,1
-0.29375,1,0.05,4.22842e-15,1
-0.29125,1,0.05,1.18122e-14,1
-0.28875,1,0.05,3.21603e-14,1
-0.28625,1,0.05,8.5024e-14,1
-0.28375,1,0.05,2.20685e-13,1
-0.28125,1,0.05,5.62851e-13,1
-0.27875,1,0.05,1.4113e-12,1
-0.27625,1,0.05,3.48009e-12,1
-0.27375,1,0.05,8.43839e-12,1
-0.27125,1,0.05,2.01197e-11,1
-0.26875,1,0.05,4.71732e-11,1
-0.26625,1,0.05,1.0876e-10,1
-0.26375,1,0.05,2.4657e-10,1
-0.26125,1,0.05,5.49672e-10,1
-0.25875,1,0.05,1.2049e-09,1
-0.25625,1,0.05,2.59704e-09,1
-0.25375,1,0.05,5.50401e-09,1
-0.25125,1,0.05,1.14694e-08,1
-0.24875,1,0.05,2.34996e-08,1
-0.24625,1,0.05,4.73394e-08,1
-0.24375,1,0.05,9.37605e-08,1
-0.24125,1,0.05,1.82574e-07,1
-0.23875,1,0.05,3.49517e-07,0.999999
-0.23625,0.999999,0.0499999,6.57802e-07,0.999999
-0.23375,0.999998,0.0499998,1.21704e-06,0.999998
-0.23125,0.999997,0.0499997,2.21352e-06,0.999996
-0.22875,0.999995,0.0499995,3.95744e-06,0.999993
-0.22625,0.999991,0.0499991,6.9548e-06,0.999987
-0.22375,0.999985,0.0499985,1.20137e-05,0.999977
-0.22125,0.999974,0.0499974,2.03973e-05,0.999961
-0.21875,0.999956,0.0499957,3.40378e-05,0.999936
-0.21625,0.999929,0.0499929,5.58244e-05,0.999894
-0.21375,0.999885,0.0499885,8.99807e-05,0.99983
-0.21125,0.999818,0.0499818,0.000142536,0.999731
-0.20875,0.999716,0.0499717,0.000221895,0.999581
-0.20625,0.999566,0.0499567,0.000339479,0.999358
-0.20375,0.999348,0.0499351,0.000510423,0.999035
-0.20125,0.999036,0.0499042,0.000754251,0.998574
-0.19875,0.9986,0.0498612,0.00109547,0.997928
-0.19625,0.998002,0.0498024,0.00156397,0.997042
-0.19375,0.997196,0.0497236,0.00219516,0.995848
-0.19125,0.996131,0.0496203,0.00302971,0.994269
-0.18875,0.99475,0.0494873,0.00411282,0.99222
-0.18625,0.992991,0.0493197,0.0054931,0.989609
-0.18375,0.99079,0.0491126,0.00722096,0.986342
-0.18125,0.988087,0.0488614,0.00934668,0.982325
-0.17875,0.98482,0.0485624,0.0119182,0.97747
-0.17625,0.980938,0.048213,0.0149792,0.971699
-0.17375,0.976397,0.0478114,0.0185667,0.964946
-0.17125,0.971163,0.0473575,0.0227097,0.957164
-0.16875,0.965219,0.046852,0.0274276,0.948325
-0.16625,0.958556,0.046297,0.0327299,0.938422
-0.16375,0.951182,0.0456955,0.0386154,0.927467
-0.16125,0.943118,0.0450513,0.0450727,0.915495
-0.15875,0.934394,0.0443688,0.0520808,0.902555
-0.15625,0.925053,0.0436526,0.0596103,0.888715
-0.15375,0.915145,0.0429078,0.0676242,0.874053
-0.15125,0.904726,0.0421392,0.0760799,0.858654
-0.14875,0.893856,0.0413516,0.0849303,0.84261
-0.14625,0.882597,0.0405494,0.094125,0.826014
-0.14375,0.871011,0.0397371,0.103612,0.808959
-0.14125,0.85916,0.0389186,0.11334,0.791534
-0.13875,0.847102,0.0380975,0.123257,0.773823
-0.13625,0.834892,0.037277,0.133312,0.755903
-0.13375,0.822581,0.0364602,0.143459,0.737844
-0.13125,0.810216,0.0356497,0.153652,0.719709
-0.12875,0.797838,0.0348476,0.163849,0.70155
-0.12625,0.785484,0.0340561,0.174012,0.683413
-0.12375,0.773185,0.0332768,0.184107,0.665335
-0.12125,0.76097,0.0325112,0.194101,0.647347
-0.11875,0.74886,0.0317605,0.203968,0.629472
-0.11625,0.736876,0.0310256,0.213682,0.611725
-0.11375,0.725031,0.0303074,0.223222,0.594117
-0.11125,0.713337,0.0296065,0.232568,0.576653
-0.10875,0.701805,0.0289233,0.241705,0.559333
-0.10625,0.690439,0.0282582,0.250618,0.542151
-0.10375,0.679243,0.0276115,0.259294,0.5251
-0.10125,0.66822,0.0269832,0.267723,0.508165
-0.09875,0.657369,0.0263735,0.275893,0.49133
-0.09625,0.64669,0.0257825,0.283797,0.474575
-0.09375,0.63618,0.0252102,0.291426,0.457874
-0.09125,0.625835,0.0246567,0.298769,0.4412
-0.08875,0.615653,0.0241222,0.305819,0.424517
-0.08625,0.605629,0.0236071,0.312564,0.407788
-0.08375,0.59576,0.0231117,0.318993,0.390968
-0.08125,0.586045,0.0226369,0.325089,0.374003
-0.07875,0.576485,0.0221841,0.330832,0.356832
-0.07625,0.567086,0.0217555,0.336195,0.33938
-0.07375,0.557868,0.0213547,0.341141,0.321556
-0.07125,0.548874,0.0209881,0.345612,0.303247
-0.06875,0.540192,0.0206669,0.349518,0.28431
-0.06625,0.532015,0.0204135,0.352709,0.26456
-0.06375,0.524766,0.020274,0.354899,0.243747
-0.06125,0.519388,0.0203534,0.355513,0.221527
-0.05875,0.517974,0.020904,0.353313,0.197405
-0.05625,0.524945,0.0225504,0.345655,0.170659
-0.05375,0.548383,0.0267445,0.327679,0.140238
-0.05125,0.598633,0.03609,0.293857,0.104847
-0.04875,0.676013,0.0524251,0.246407,0.06493
-0.04625,0.763084,0.0735622,0.19683,0.0207756
-0.04375,0.83701,0.0939543,0.155803,-0.0255423
-0.04125,0.885654,0.109184,0.12673,-0.0704768
-0.03875,0.909156,0.118153,0.108034,-0.111048
-0.03625,0.913276,0.12195,0.0968258,-0.14585
-0.03375,0.904199,0.122219,0.0906177,-0.174758
-0.03125,0.886698,0.120359,0.087651,-0.198304
-0.02875,0.864045,0.117373,0.0867503,-0.217236
-0.02625,0.838397,0.113923,0.0871286,-0.232303
-0.02375,0.811158,0.110438,0.0882458,-0.244179
-0.02125,0.78318,0.107185,0.0897253,-0.253444
-0.01875,0.754947,0.10432,0.091303,-0.260581
-0.01625,0.726675,0.101927,0.0927991,-0.265983
-0.01375,0.698385,0.100032,0.0941011,-0.269976
-0.01125,0.669976,0.0986236,0.0951514,-0.27283
-0.00875,0.641289,0.0976611,0.0959367,-0.274773
-0.00625,0.612176,0.0970839,0.0964762,-0.275997
-0.00375,0.58255,0.0968225,0.0968106,-0.276666
-0.00125,0.552433,0.0968062,0.0969909,-0.276915
0.00125,0.521962,0.0969694,0.0970685,-0.276856
0.00375,0.491388,0.0972557,0.0970892,-0.276577
0.00625,0.461045,0.0976191,0.0970885,-0.276148
0.00875,0.431312,0.0980233,0.0970898,-0.275622
0.01125,0.402571,0.0984397,0.0971041,-0.275042
0.01375,0.375174,0.0988451,0.0971299,-0.274445
0.01625,0.349416,0.0992188,0.0971547,-0.273865
0.01875,0.325518,0.099541,0.0971554,-0.27334
0.02125,0.303623,0.0997916,0.0970995,-0.272907
0.02375,0.283801,0.0999489,0.0969466,-0.27261
0.02625,0.266056,0.0999897,0.0966493,-0.272496
0.02875,0.250334,0.0998893,0.0961553,-0.272615
0.03125,0.236543,0.0996219,0.0954083,-0.273021
0.03375,0.224558,0.0991613,0.0943494,-0.273769
0.03625,0.21423,0.0984811,0.0929178,-0.274911
0.03875,0.205402,0.0975552,0.0910512,-0.276501
0.04125,0.197903,0.0963584,0.088685,-0.278587
0.04375,0.191561,0.0948666,0.0857515,-0.281216
0.04625,0.186202,0.0930572,0.0821782,-0.284427
0.04875,0.181647,0.0909094,0.0778859,-0.288253
0.05125,0.177721,0.0884045,0.0727858,-0.29272
0.05375,0.174248,0.0855269,0.0667762,-0.297844
0.05625,0.171053,0.082264,0.0597389,-0.30363
0.05875,0.167967,0.0786076,0.0515338,-0.310072
0.06125,0.16483,0.0745544,0.0419932,-0.317145
0.06375,0.161488,0.0701072,0.0309137,-0.324814
0.06625,0.157803,0.0652756,0.0180463,-0.33302
0.06875,0.153652,0.0600783,0.00308517,-0.341685
0.07125,0.148926,0.0545455,-0.0143458,-0.350702
0.07375,0.143535,0.0487231,-0.0347023,-0.359932
0.07625,0.137412,0.0426829,-0.0585055,-0.369187
0.07875,0.130521,0.0365308,-0.0863063,-0.378228
0.08125,0.122883,0.0304255,-0.118528,-0.386754
0.08375,0.114615,0.0245855,-0.1552,-0.394421
0.08625,0.105979,0.0192822,-0.195474,-0.400903
0.08875,0.0974424,0.0148038,-0.237036,-0.405976
0.09125,0.0896476,0.0113634,-0.276029,-0.409618
0.09375,0.0832239,0.00899445,-0.308301,-0.412044
0.09625,0.0785037,0.00752842,-0.331556,-0.413623
0.09875,0.0753956,0.00669276,-0.346334,-0.414735
0.10125,0.0735286,0.0062367,-0.354886,-0.415673
0.10375,0.0724881,0.00598908,-0.35954,-0.416631
0.10625,0.0719534,0.0058518,-0.361936,-0.417735
0.10875,0.0717205,0.00577367,-0.363031,-0.41907
0.11125,0.071674,0.00572921,-0.363324,-0.420703
0.11375,0.0717541,0.00570605,-0.363053,-0.422692
0.11625,0.0719321,0.00569822,-0.362326,-0.425092
0.11875,0.0721955,0.00570285,-0.361178,-0.427955
0.12125,0.0725405,0.00571852,-0.359611,-0.431335
0.12375,0.0729669,0.00574441,-0.357611,-0.435281
0.12625,0.0734766,0.00577992,-0.355153,-0.439841
0.12875,0.0740721,0.00582445,-0.352209,-0.445061
0.13125,0.0747557,0.00587731,-0.348752,-0.450984
0.13375,0.0755294,0.00593763,-0.344751,-0.457651
0.13625,0.0763948,0.00600437,-0.340177,-0.4651
0.13875,0.0773527,0.00607628,-0.335004,-0.473365
0.14125,0.0784035,0.00615188,-0.329207,-0.482478
0.14375,0.0795467,0.00622951,-0.322762,-0.492469
0.14625,0.0807813,0.00630727,-0.315651,-0.503365
0.14875,0.0821054,0.00638307,-0.30786,-0.515189
0.15125,0.0835164,0.00645461,-0.299379,-0.527959
0.15375,0.0850109,0.00651943,-0.290209,-0.541689
0.15625,0.0865845,0.00657494,-0.280355,-0.556386
0.15875,0.0882316,0.00661852,-0.269835,-0.572046
0.16125,0.0899456,0.00664753,-0.258677,-0.588655
0.16375,0.0917187,0.00665954,-0.246922,-0.606187
0.16625,0.0935414,0.00665234,-0.234626,-0.624592
0.16875,0.0954035,0.00662431,-0.221856,-0.64381
0.17125,0.0972939,0.00657447,-0.208689,-0.66376
0.17375,0.0992004,0.00650264,-0.195217,-0.684338
0.17625,0.10111,0.00640961,-0.181539,-0.70542
0.17875,0.103009,0.00629726,-0.167764,-0.726858
0.18125,0.104884,0.00616855,-0.154008,-0.748483
0.18375,0.10672,0.00602745,-0.14039,-0.770107
0.18625,0.108506,0.00587874,-0.127027,-0.791529
0.18875,0.110226,0.00572773,-0.114037,-0.812541
0.19125,0.111871,0.00557988,-0.101528,-0.832933
0.19375,0.11343,0.00544034,-0.0896029,-0.852502
0.19625,0.114893,0.0053136,-0.0783506,-0.871063
0.19875,0.116253,0.0052031,-0.0678473,-0.888453
0.20125,0.117504,0.00511102,-0.058153,-0.904538
0.20375,0.118643,0.00503818,-0.0493102,-0.91922
0.20625,0.119669,0.0049841,-0.0413428,-0.93244
0.20875,0.12058,0.00494723,-0.0342561,-0.944178
0.21125,0.12138,0.00492518,-0.0280371,-0.954451
0.21375,0.122073,0.00491513,-0.0226557,-0.96331
0.21625,0.122664,0.00491411,-0.0180663,-0.970835
0.21875,0.123161,0.0049193,-0.0142108,-0.97713
0.22125,0.123573,0.00492825,-0.0110217,-0.982314
0.22375,0.123908,0.00493898,-0.00842569,-0.986517
0.22625,0.124177,0.00495001,-0.00634666,-0.989869
0.22875,0.124389,0.00496038,-0.00470922,-0.992499
0.23125,0.124553,0.00496951,-0.00344122,-0.994529
0.23375,0.124679,0.00497715,-0.00247601,-0.99607
0.23625,0.124772,0.0049833,-0.00175388,-0.99722
0.23875,0.124841,0.00498808,-0.00122293,-0.998063
0.24125,0.124891,0.00499167,-0.000839289,-0.998672
0.24375,0.124926,0.00499429,-0.000566891,-0.999104
0.24625,0.124951,0.00499617,-0.000376826,-0.999405
0.24875,0.124968,0.00499748,-0.000246499,-0.999611
0.25125,0.124979,0.00499837,-0.000158674,-0.999749
0.25375,0.124987,0.00499896,-0.000100509,-0.999841
0.25625,0.124992,0.00499935,-6.26463e-05,-0.999901
0.25875,0.124995,0.0049996,-3.84212e-05,-0.999939
0.26125,0.124997,0.00499976,-2.31858e-05,-0.999963
0.26375,0.124998,0.00499986,-1.3767e-05,-0.999978
0.26625,0.124999,0.00499992,-8.04293e-06,-0.999987
0.26875,0.124999,0.00499995,-4.62315e-06,-0.999993
0.27125,0.125,0.00499997,-2.61458e-06,-0.999996
0.27375,0.125,0.00499998,-1.45477e-06,-0.999998
0.27625,0.125,0.00499999,-7.96364e-07,-0.999999
0.27875,0.125,0.005,-4.28883e-07,-0.999999
0.28125,0.125,0.005,-2.27232e-07,-1
0.28375,0.125,0.005,-1.18438e-07,-1
0.28625,0.125,0.005,-6.07287e-08,-1
0.28875,0.125,0.005,-3.06315e-08,-1
0.29125,0.125,0.005,-1.51986e-08,-1
0.29375,0.125,0.005,-7.418e-09,-1
0.29625,0.125,0.005,-3.56129e-09,-1
0.29875,0.125,0.005,-1.68171e-09,-1
0.30125,0.125,0.005,-7.81099e-10,-1
0.30375,0.125,0.005,-3.56828e-10,-1
0.30625,0.125,0.005,-1.60323e-10,-1
0.30875,0.125,0.005,-7.08436e-11,-1
0.31125,0.125,0.005,-3.07865e-11,-1
0.31375,0.125,0.005,-1.31573e-11,-1
0.31625,0.125,0.005,-5.53004e-12,-1
0.31875,0.125,0.005,-2.28504e-12,-1
0.32125,0.125,0.005,-9.28459e-13,-1
0.32375,0.125,0.005,-3.70811e-13,-1
0.32625,0.125,0.005,-1.45154e-13,-1
0.32875,0.125,0.005,-5.60962e-14,-1
0.33125,0.125,0.005,-2.17269e-14,-1
0.33375,0.125,0.005,-7.62684e-15,-1
0.33625,0.125,0.005,-2.42945e-15,-1
0.33875,0.125,0.005,-8.5287e-16,-1
0.34125,0.125,0.005,-2.17393e-16,-1
0.34375,0.125,0.005,2.53739e-16,-1
0.34625,0.125,0.005,2.89371e-16,-1
0.34875,0.125,0.005,0,-1
0.35125,0.125,0.005,0,-1
0.35375,0.125,0.005,0,-1
0.35625,0.125,0.005,0,-1
0.35875,0.125,0.005,0,-1
0.36125,0.125,0.005,7.23673e-17,-1
0.36375,0.125,0.005,1.40942e-16,-1
0.36625,0.125,0.005,-2.30371e-16,-1
0.36875,0.125,0.005,-5.05789e-16,-1
0.37125,0.125,0.005,-5.92532e-16,-1
0.37375,0.125,0.005,-8.26619e-16,-1
0.37625,0.125,0.005,-1.01301e-15,-1
0.37875,0.125,0.005,-4.46613e-16,-1
0.38125,0.125,0.005,-2.53162e-16,-1
0.38375,0.125,0.005,3.01943e-17,-1
0.38625,0.125,0.005,2.33268e-16,-1
0.38875,0.125,0.005,2.21335e-16,-1
0.39125,0.125,0.005,1.15878e-16,-1
0.39375,0.125,0.005,-2.46372e-16,-1
0.39625,0.125,0.005,-9.18319e-17,-1
0.39875,0.125,0.005,-4.85889e-16,-1
0.40125,0.125,0.005,-5.57157e-16,-1
0.40375,0.125,0.005,-4.28506e-16,-1
0.40625,0.125,0.005,-3.23488e-16,-1
0.40875,0.125,0.005,1.73187e-16,-1
0.41125,0.125,0.005,2.02931e-16,-1
0.41375,0.125,0.005,-2.29921e-16,-1
0.41625,0.125,0.005,-2.69504e-16,-1
0.41875,0.125,0.005,-2.41319e-16,-1
0.42125,0.125,0.005,-6.39383e-18,-1
0.42375,0.125,0.005,-4.70403e-16,-1
0.42625,0.125,0.005,-3.40562e-16,-1
0.42875,0.125,0.005,9.03567e-17,-1
0.43125,0.125,0.005,2.78653e-16,-1
0.43375,0.125,0.005,-4.2648e-17,-1
0.43625,0.125,0.005,1.13001e-16,-1
0.43875,0.125,0.005,-1.0613e-16,-1
0.44125,0.125,0.005,-2.87398e-16,-1
0.44375,0.125,0.005,-2.47723e-16,-1
0.44625,0.125,0.005,-6.23189e-16,-1
0.44875,0.125,0.005,-1.35819e-15,-1
0.45125,0.125,0.005,-9.30512e-16,-1
0.45375,0.125,0.005,-7.29847e-16,-1
0.45625,0.125,0.005,-7.20152e-16,-1
0.45875,0.125,0.005,-9.98398e-16,-1
0.46125,0.125,0.005,-9.51625e-16,-1
0.46375,0.125,0.005,-1.22429e-15,-1
0.46625,0.125,0.005,-1.11129e-15,-1
0.46875,0.125,0.005,-1.19132e-15,-1
0.47125,0.125,0.005,-1.02785e-15,-1
0.47375,0.125,0.005,-1.28965e-15,-1
0.47625,0.125,0.005,-1.13054e-15,-1
0.47875,0.125,0.005,-9.65424e-16,-1
0.48125,0.125,0.005,-9.18556e-16,-1
0.48375,0.125,0.005,-1.41596e-15,-1
0.48625,0.125,0.005,-1.63541e-15,-1
0.48875,0.125,0.005,-1.84905e-15,-1
0.49125,0.125,0.005,-2.05267e-15,-1
0.49375,0.125,0.005,-2.43214e-15,-1
0.49625,0.125,0.005,-2.33056e-15,-1
0.49875,0.125,0.005,-2.19078e-15,-1
